Name,Symbol,Image
__A, A,
__B, B,
__C, C,
__D, D,
__E, E,
__F, F,
__G, G,
__H, H,
__I, I,
__J, J,
__K, K,
__L, L,
__M, M,
__N, N,
__O, O,
__P, P,
__Q, Q,
__R, R,
__S, S,
__T, T,
__U, U,
__V, V,
__W, W,
__X, X,
__Y, Y,
__Z, Z,
__a, a,
__b, b,
__c, c,
__d, d,
__e, e,
__f, f,
__g, g,
__h, h,
__i, i,
__j, j,
__k, k,
__l, l,
__m, m,
__n, n,
__o, o,
__p, p,
__q, q,
__r, r,
__s, s,
__t, t,
__u, u,
__v, v,
__w, w,
__x, x,
__y, y,
__z, z,
__0, 0,
__1, 1,
__2, 2,
__3, 3,
__4, 4,
__5, 5,
__6, 6,
__7, 7,
__8, 8,
__9, 9,
!`, !`, http://latex.artofproblemsolving.com/0/b/3/0b3e889945a6c124ae6b86f0e764a6741643cec2.png
&, \&, http://latex.artofproblemsolving.com/e/9/d/e9d9da5bde70fea3385da94b7d04efa5b3f963ca.png
Box, \Box, http://latex.artofproblemsolving.com/c/1/2/c12dda010ebddef028cda1ec9d14986f4a26d07e.png
Delta, \Delta, http://latex.artofproblemsolving.com/0/a/7/0a737670d481129e2ead6d7223437f3cf70ea53f.png
Diamond, \Diamond, http://latex.artofproblemsolving.com/7/6/e/76edde10cd8ffa25ad5bf5689c032fdf78aeef28.png
Downarrow, \Downarrow, http://latex.artofproblemsolving.com/c/d/9/cd90d68c14531a18fb1309c26d5cb62e9216da54.png
Gamma, \Gamma, http://latex.artofproblemsolving.com/9/1/3/913e49ea63c6c130bb8d9d1c3556b052ecc404f8.png
Im, \Im, http://latex.artofproblemsolving.com/b/1/6/b16edda9eb3f50e6bfcf5dc5fe307789444f321c.png
Join, \Join, http://latex.artofproblemsolving.com/4/0/2/40268aa589c2ba619a6d521d716bf781a15e4ba8.png
Lambda, \Lambda, http://latex.artofproblemsolving.com/2/d/2/2d295c3b71504a216422e5fffdfbad742c7add64.png
Leftarrow, \Leftarrow, http://latex.artofproblemsolving.com/d/7/7/d773375e7bd7f973b121cd9403ad90d3806d6996.png
Leftrightarrow, \Leftrightarrow, http://latex.artofproblemsolving.com/a/6/e/a6ec0db174f3b705df19623976bf4b88ff502f3a.png
Longleftarrow, \Longleftarrow, http://latex.artofproblemsolving.com/f/0/f/f0faeb12503890b80128f8ea8e99eab1ebb0d0b4.png
Longleftrightarrow, \Longleftrightarrow, http://latex.artofproblemsolving.com/0/3/1/031f544836c18f6f1b3ce1fcab250a2e7b372203.png
Longrightarrow, \Longrightarrow, http://latex.artofproblemsolving.com/9/8/1/981cc6a2adc50878a6da811d05c34e5cfaf6cef7.png
Omega, \Omega, http://latex.artofproblemsolving.com/9/e/2/9e2b196e9b7e57d1ec99f6534c581ea9759d2170.png
P, \P, http://latex.artofproblemsolving.com/a/4/0/a4029f0a93f99c97102b9f06ee47f4a56847bfbf.png
Phi, \Phi, http://latex.artofproblemsolving.com/b/8/5/b85bbfb165b853d6f5f9734be4cdabbb453f4e43.png
Pi, \Pi, http://latex.artofproblemsolving.com/c/3/e/c3e77f8dac39bd44cff4ca15469c871bab27c02e.png
Psi, \Psi, http://latex.artofproblemsolving.com/8/6/6/866f0204648be9ca6b10e14dd72295295dd53a79.png
Re, \Re, http://latex.artofproblemsolving.com/1/2/e/12e3412ce1c7f9e9be5b98ec0dc7a513787fbbac.png
Rightarrow, \Rightarrow, http://latex.artofproblemsolving.com/8/4/3/843622567e12d686e4e2f94ddfcb444e8ecde0d2.png
_S, \S, http://latex.artofproblemsolving.com/4/e/0/4e0058658154f5e64eebcb3d40abab723ee34e30.png
Sigma, \Sigma, http://latex.artofproblemsolving.com/c/8/f/c8f77e3035db5fe9a4975967750ac1a6454bda8c.png
Theta, \Theta, http://latex.artofproblemsolving.com/a/3/2/a321d1b883ba985b1f59ca076beaaf17aa8ab06c.png
Uparrow, \Uparrow, http://latex.artofproblemsolving.com/1/c/b/1cbe1a0d9a674d0d0bbc0c5572b8e609f9e64437.png
Updownarrow, \Updownarrow, http://latex.artofproblemsolving.com/3/e/d/3edded002dccdd7b08329a57491d4047c8306717.png
Upsilon, \Upsilon, http://latex.artofproblemsolving.com/d/7/9/d792ba6fac8dc00a5626659c0b9cf56716701f3d.png
Vdash, \Vdash, http://latex.artofproblemsolving.com/3/2/f/32fc4e30bd315982f54d13b5950a592032632df4.png
Xi, \Xi, http://latex.artofproblemsolving.com/d/0/9/d091cd93291a02d01c92bdc835e0b73f7faed864.png
_, \_, http://latex.artofproblemsolving.com/0/c/c/0ccb3853aade8501b9dcca60bfbdbb8d9a598aa8.png
_persent, \%, http://latex.artofproblemsolving.com/c/4/3/c4393de50075e05c3363369d39412b341e39cc7d.png
_pipe, \|, http://latex.artofproblemsolving.com/a/c/1/ac1224c98a919ea6805e3fffca5ddf6c1bdd9d4e.png
_sharp, \#, http://latex.artofproblemsolving.com/f/b/3/fb3f10d1d6d672551c148a5306b8c61861e9a0f1.png
acute, \acute{}, http://latex.artofproblemsolving.com/a/3/a/a3aa851fec30dc95fc20220ce6e45fc4327d3ab0.png
aleph, \aleph, http://latex.artofproblemsolving.com/6/7/c/67c1fbfe4cf9dc91e7ba469a235b0bad54d6a5ab.png
alpha, \alpha, http://latex.artofproblemsolving.com/1/0/f/10f32377ac67d94f764f12a15ea987e88c85d3e1.png
amalg, \amalg, http://latex.artofproblemsolving.com/e/4/3/e43da851ce02ac27ab36f6708edf6c313febd609.png
angle, \angle, http://latex.artofproblemsolving.com/4/4/b/44b090a5a288a97413c95d2550887b0d15989112.png
approx, \approx, http://latex.artofproblemsolving.com/a/c/b/acbc54ef8feabfc5d0a2329f0cfbd10af8a6a809.png
ast, \ast, http://latex.artofproblemsolving.com/2/7/8/278afa87a7dfa8e2b3f40e608884a690fb1325f6.png
asymp, \asymp, http://latex.artofproblemsolving.com/c/6/d/c6dd6b322a1d042d13b2ceba7a6f45be7eb8de6c.png
backslash, \backslash, http://latex.artofproblemsolving.com/3/8/5/385adced1eac31db28232371c6e5afb832d82bf7.png
bar, \bar{}, http://latex.artofproblemsolving.com/f/0/6/f06e84fe84a6c63a9c2c392af11652f6e0d72cf4.png
beta, \beta, http://latex.artofproblemsolving.com/f/d/b/fdb63b9e51abe6bbb16acfb5d7b773ddbb5bf4a8.png
bigcap, \bigcap, http://latex.artofproblemsolving.com/0/f/2/0f2b6687b87eba9a1b15c64bf1a510f3d8962533.png
bigcirc, \bigcirc, http://latex.artofproblemsolving.com/b/1/3/b1352e2dc4380ca6efe5d978cb4bfa2745354e11.png
bigcup, \bigcup, http://latex.artofproblemsolving.com/d/c/3/dc3622235b09bd67ccd61d51706be0cdba8cde4a.png
bigodot, \bigodot, http://latex.artofproblemsolving.com/e/3/1/e31ae477e5b4dc90514e2099723ae7faaef6fc3b.png
bigoplus, \bigoplus, http://latex.artofproblemsolving.com/6/c/1/6c1138601b152c42594b90596c293aee1ee69840.png
bigotimes, \bigotimes, http://latex.artofproblemsolving.com/b/1/2/b12e4a1447f71f823eefb562ecac1e11ebd63915.png
bigsqcup, \bigsqcup, http://latex.artofproblemsolving.com/4/c/1/4c1715b7d4bedcd82804947fff2234e526e67b9a.png
bigstar, \bigstar, http://latex.artofproblemsolving.com/4/3/0/4302e3b4e7057984ac3eb2e9018a9b64002550b8.png
bigtriangledown, \bigtriangledown, http://latex.artofproblemsolving.com/5/2/a/52a23e3c2f527965b4d5461bf5981ef112d51a2f.png
bigtriangleup, \bigtriangleup, http://latex.artofproblemsolving.com/5/d/0/5d0a21de4d02a9c17e9f716bc93020cb300dc335.png
biguplus, \biguplus, http://latex.artofproblemsolving.com/2/2/0/220392b0536ae9431accdeec479897a2247f4a4d.png
bigvee, \bigvee, http://latex.artofproblemsolving.com/f/8/2/f8270dc629acde682ea1e18f9cee677e58c29cbb.png
bigwedge, \bigwedge, http://latex.artofproblemsolving.com/e/b/b/ebb4ab4fbe044c44a446fe1bf274d3a80048284c.png
blacksquare, \blacksquare, http://latex.artofproblemsolving.com/3/b/b/3bbb9e25e5be095e317771a9c5d00877ee9c8012.png
bot, \bot, http://latex.artofproblemsolving.com/b/f/0/bf09b3494b43408e17d842ee8dcda1edc17cc649.png
bowtie, \bowtie, http://latex.artofproblemsolving.com/c/5/a/c5a172ca1f59801643929daf4b59d0a225604ca7.png
breve, \breve{}, http://latex.artofproblemsolving.com/1/7/c/17c5e14151dfe2f18740a32ba63870c7db167368.png
bullet, \bullet, http://latex.artofproblemsolving.com/d/5/3/d534b942086dae501cbdce030206adb87567bb07.png
bumpeq, \bumpeq, http://latex.artofproblemsolving.com/8/9/6/8964a52f0eef23fc2ce941c63fd4b41e93446e3a.png
cancer, \cancer, http://latex.artofproblemsolving.com/9/8/9/98943cb2d464a45e72c3a3376e74814399699cb3.png
cap, \cap, http://latex.artofproblemsolving.com/c/0/f/c0f2b8e02812dd6278501da3698b07563864df3d.png
cdot, \cdot, http://latex.artofproblemsolving.com/8/f/1/8f1fb66751f2ee2626c75303485dba473c39a2f2.png
cdots, \cdots, http://latex.artofproblemsolving.com/0/8/7/087594ea26fa196b8e61bc20a36228270dc695f8.png
check, \check{}, http://latex.artofproblemsolving.com/1/9/a/19a5ff1cef4a98be4cbf3fadacd8e1784fa82ce0.png
checkmark, \checkmark, http://latex.artofproblemsolving.com/6/0/e/60ed020e037834e10ccbcc412e3386653ec9e847.png
chi, \chi, http://latex.artofproblemsolving.com/6/d/c/6dcb9b88aaa5f14312835145edf06fb2d0823c29.png
circ, \circ, http://latex.artofproblemsolving.com/7/f/3/7f3b4ea3b8abe9ced6095c7d75f207a1127ee843.png
clubsuit, \clubsuit, http://latex.artofproblemsolving.com/3/9/7/397606372567ab31725033a4d12d00c0276ba086.png
cong, \cong, http://latex.artofproblemsolving.com/b/9/9/b9904282b277d5afca7b6fb12f3bb7c5ff616510.png
coprod, \coprod, http://latex.artofproblemsolving.com/7/f/f/7ff985aaf9cdb0a46821e8ca45369ea50dab16bf.png
copyright, \copyright, http://latex.artofproblemsolving.com/d/b/d/dbde8771334ba4faa03348ac847c8a22c6a54667.png
cup, \cup, http://latex.artofproblemsolving.com/a/6/c/a6cef8fd2bc2c7f9f1e27327b739f2cd7baa31ac.png
dagger, \dagger, http://latex.artofproblemsolving.com/7/5/f/75fbdfd4148a2d76b66583eb07a05c0e1853e5ed.png
dashv, \dashv, http://latex.artofproblemsolving.com/f/f/d/ffdb8a7364423bb7904d60840d7b7f9047dee450.png
ddagger, \ddagger, http://latex.artofproblemsolving.com/1/e/e/1eee3cf7655b7f97127bfaf93851960caf8aa62f.png
ddot, \ddot{}, http://latex.artofproblemsolving.com/1/4/6/146440b27437438126da946e8e88924762c49b10.png
ddots, \ddots, http://latex.artofproblemsolving.com/9/1/b/91bc8b7d1415c5dbd9a3c232b323bde68dd8199c.png
delta, \delta, http://latex.artofproblemsolving.com/0/a/4/0a42a8b725c200085e5253db2d2fbf8dab898a8f.png
diamond, \diamond, http://latex.artofproblemsolving.com/a/6/4/a64597fa971a2a89feef230c4a309e18d2bb0c8f.png
diamondsuit, \diamondsuit, http://latex.artofproblemsolving.com/c/6/d/c6dda9b4c504bad80fd4308d62fb52fb41f3aefc.png
div, \div, http://latex.artofproblemsolving.com/1/c/8/1c81486a525ba08192aab8546dbe9a32bdbe0c07.png
dot, \dot{}, http://latex.artofproblemsolving.com/f/c/a/fcafbe903244d22c4dcd94f46f57e617baf47ad1.png
doteq, \doteq, http://latex.artofproblemsolving.com/a/8/f/a8fa91f83671b6f0f19a4bb1b0839d1fc06ffbf9.png
dots, \dots, http://latex.artofproblemsolving.com/6/4/6/64683f315744c851898c8d65dace1a8aa31b93ab.png
downarrow, \downarrow, http://latex.artofproblemsolving.com/d/9/5/d95bdb4067e8005d19d15bfbd4e83d8980336c65.png
ell, \ell, http://latex.artofproblemsolving.com/6/3/c/63c17c295325f731666c7d74952b563a01e00fcc.png
emptyset, \emptyset, http://latex.artofproblemsolving.com/8/4/2/84241c448cbf497968ba86136beecf766431a3ff.png
epsilon, \epsilon, http://latex.artofproblemsolving.com/e/a/f/eaf4418fbe935c15a606516d8f55dc380cd8e822.png
equiv, \equiv, http://latex.artofproblemsolving.com/1/1/6/1165e91155febc4bc88785c5504eb52efe4f8c51.png
eta, \eta, http://latex.artofproblemsolving.com/0/3/a/03a45952f8115322d2879f7d090126f059757ba0.png
exists, \exists, http://latex.artofproblemsolving.com/4/e/c/4ecf8666cca5f1d089b9c656be83f9e09d0abd5c.png
flat, \flat, http://latex.artofproblemsolving.com/d/8/d/d8db7bfbb234b4f05ddfd93d031375cb02a799b4.png
forall, \forall, http://latex.artofproblemsolving.com/5/3/6/536ba5a392431e74fec5a8db2257504c85fcc206.png
frown, \frown, http://latex.artofproblemsolving.com/c/d/0/cd0780b55db44ebfc68e984c2354c579314de704.png
gamma, \gamma, http://latex.artofproblemsolving.com/6/6/9/66981fa3920210c6ad8dbe5e968783d5dd7520c3.png
ge, \ge, http://latex.artofproblemsolving.com/0/0/c/00c3863a5ca53a1be38db8921ae7b5bfbfbe1dc6.png
gets, \gets, http://latex.artofproblemsolving.com/7/6/d/76d08618ef0d890aaf8294c65225e6314ef5be97.png
gg, \gg, http://latex.artofproblemsolving.com/b/5/e/b5e95a72274f434ba9984d67dba7438a286158f3.png
gneq, \gneq, http://latex.artofproblemsolving.com/5/0/2/502aba7f2ebb4e5b0c07f1fc727f09a20c4b4bc6.png
gneqq, \gneqq, http://latex.artofproblemsolving.com/d/a/5/da5db117f48c9afc18e3fe3c6ca438e9bf04d6d6.png
grave, \grave{}, http://latex.artofproblemsolving.com/0/d/f/0df1054a87870c7611e7a9224a310ab4524bfca6.png
hat, \hat{}, http://latex.artofproblemsolving.com/4/7/6/4766b2cc3bd23afdfaa7ab46ebb5f2d0e0fd8b80.png
hbar, \hbar, http://latex.artofproblemsolving.com/0/6/7/0678e85c9374aaebeb3099f934cb8a7e452c75da.png
heartsuit, \heartsuit, http://latex.artofproblemsolving.com/3/8/c/38c6b4ac9e30aa1bbcdf4529130bc58e4b392e83.png
hookleftarrow, \hookleftarrow, http://latex.artofproblemsolving.com/d/5/7/d57eef1a90f496dda224bb28c705b4cd6f75f38f.png
hookrightarrow, \hookrightarrow, http://latex.artofproblemsolving.com/2/3/c/23c35a20a0d1a302656aaf89da7921f4f58df625.png
imath, \imath, http://latex.artofproblemsolving.com/5/e/9/5e991343f163f34bab751574a500ee9ff3e759e4.png
implies, \implies, http://latex.artofproblemsolving.com/e/f/4/ef48ac956824fcaea163a530a717e6df694aa006.png
in, \in, http://latex.artofproblemsolving.com/1/3/4/134004c561e4c0cca193dbf5122e5ca963dd5b7f.png
infty, \infty, http://latex.artofproblemsolving.com/b/6/7/b671f1bb7e4ee86584347d5d22f1dc8abdb5bef2.png
int, \int, http://latex.artofproblemsolving.com/6/d/1/6d14592f0872a308caf69a5d695581b8f56adaf4.png
iota, \iota, http://latex.artofproblemsolving.com/e/3/9/e394d1efd05a00d1e561e3dfa8deb80488d8a1a5.png
jmath, \jmath, http://latex.artofproblemsolving.com/0/0/2/002ca021db0654c4009563a2ce9a16636cfdc1ac.png
kappa, \kappa, http://latex.artofproblemsolving.com/d/a/6/da61bb0fa48fe71269aebf9c8e56b39275813994.png
lambda, \lambda, http://latex.artofproblemsolving.com/c/e/4/ce4588fd900d02afcbd260bc07f54cce49a7dc4a.png
langle, \langle, http://latex.artofproblemsolving.com/0/7/a/07aad9df9509a1683662714c11752e1a23529688.png
lceil, \lceil, http://latex.artofproblemsolving.com/a/5/e/a5e03343fb25f6532be263808489d53b2d914600.png
le, \le, http://latex.artofproblemsolving.com/3/b/4/3b4cd01885cb569775f5d1143bc5139fff104bdc.png
leadsto, \leadsto, http://latex.artofproblemsolving.com/5/f/b/5fbd98454ee144f57ef122f596384eaa5bf81fad.png
leftarrow, \leftarrow, http://latex.artofproblemsolving.com/d/5/f/d5f9d8910bf9b877d37f48c842c045883c51300b.png
leftharpoondown, \leftharpoondown, http://latex.artofproblemsolving.com/6/c/5/6c5a2cbfcd98ba58231d2cafa9ae6c4ef12fb125.png
leftharpoonup, \leftharpoonup, http://latex.artofproblemsolving.com/b/3/9/b39c5d94ce0f366d4816ca9e22cdf213306167b4.png
leftrightarrow, \leftrightarrow, http://latex.artofproblemsolving.com/d/4/5/d4563ad8c3bc2ead402d6ffc50768b0269bf073a.png
lfloor, \lfloor, http://latex.artofproblemsolving.com/a/5/0/a501a210c4f22118f43d09317c17f75c006c1e55.png
lhd, \lhd, http://latex.artofproblemsolving.com/a/1/5/a15fb2b22303748b71b538562bc38cf2f3d9c036.png
ll, \ll, http://latex.artofproblemsolving.com/1/e/4/1e4d154223e7171ad7ae3b398a849d0152b575ad.png
lneq, \lneq, http://latex.artofproblemsolving.com/0/1/c/01cbbfb6098409250bba1da5cd3702a4f91b1062.png
lneqq, \lneqq, http://latex.artofproblemsolving.com/3/6/2/36254d6c15ac19a508cc695667c8c812fb6e9c7e.png
lnsim, \lnsim, http://latex.artofproblemsolving.com/2/c/e/2ce172633b8db32cdba9196efe3d5912628e73db.png
longleftarrow, \longleftarrow, http://latex.artofproblemsolving.com/c/4/0/c405b7ae3c69d93bd1b753f1cd3b49251283bd0f.png
longleftrightarrow, \longleftrightarrow, http://latex.artofproblemsolving.com/5/b/9/5b925f6b5359af8f3536c2139177aaded2f93757.png
longmapsto, \longmapsto, http://latex.artofproblemsolving.com/e/4/8/e48117c9370176c975b0cc0f3781ac51fdb420ea.png
longrightarrow, \longrightarrow, http://latex.artofproblemsolving.com/3/d/6/3d6e222dc751bc632a3e4a0c1a87e7691ec86bba.png
mapsto, \mapsto, http://latex.artofproblemsolving.com/2/3/5/2353b98d531c2da713a987ce5f2c39c566b621c8.png
mathbb, \mathbb{}, http://latex.artofproblemsolving.com/9/0/6/906fddead65545297c74bbc2ca83cd01f3f9ecc9.png
mathring, \mathring{}, http://latex.artofproblemsolving.com/c/1/6/c166329f174b82bee3440f1c1473a74f52938572.png
mho, \mho, http://latex.artofproblemsolving.com/9/c/f/9cfb316b7b1f6a9cf1e42272cd90a4c28bafa543.png
mid, \mid, http://latex.artofproblemsolving.com/5/9/a/59ab06ad08ab68c8bb4ebba8e9195259e54cd349.png
models, \models, http://latex.artofproblemsolving.com/3/1/a/31a65b06843b33bfe53a87920e8de3a8a40d93e4.png
mp, \mp, http://latex.artofproblemsolving.com/1/9/d/19dcb590e43ac06de8bf64daabdcae351c51ebe6.png
mu, \mu, http://latex.artofproblemsolving.com/2/d/8/2d8c833ed800824727cd7bd2fb9de1a12ad7e674.png
nabla, \nabla, http://latex.artofproblemsolving.com/5/3/1/53196dddfbaf8145fd14be11cf568c5154588ed5.png
natural, \natural, http://latex.artofproblemsolving.com/3/b/d/3bdea32d3d98eca872e1c4562eac7553ee6a4d34.png
ncong, \ncong, http://latex.artofproblemsolving.com/e/f/2/ef2f2d4b87a19a87d9c6aae23f3515c44f49c5e4.png
nearrow, \nearrow, http://latex.artofproblemsolving.com/9/a/c/9ac7c661ed7237c252514b09cd4640d998e37511.png
neg, \neg, http://latex.artofproblemsolving.com/a/3/a/a3a70722f337e1529068359b303e4f0776ff68de.png
neq, \neq, http://latex.artofproblemsolving.com/e/3/4/e34abf3c7601f491cde20e6c318f54030b0237a2.png
ngeq, \ngeq, http://latex.artofproblemsolving.com/a/5/e/a5ea08782633e9e1db55ada7df9ec3cb1e74e212.png
ngtr, \ngtr, http://latex.artofproblemsolving.com/8/0/e/80e8acc7c1a52a13f0b46fcdb855501582c1f258.png
ni, \ni, http://latex.artofproblemsolving.com/8/9/d/89db07258d2e7a1c9aac138b7c1846645bdf79eb.png
nleq, \nleq, http://latex.artofproblemsolving.com/c/6/8/c681d35dfe1a4f53de0ebda66832aa0fc286cbd0.png
nless, \nless, http://latex.artofproblemsolving.com/1/1/e/11ed3742359426af546f0f2c588934cc3d27d9a7.png
nmid, \nmid, http://latex.artofproblemsolving.com/8/3/b/83b17e0f7af5b49594ac16587442fe5f12a475fd.png
not<, \not<, http://latex.artofproblemsolving.com/b/e/5/be5b21d425b39063889ffc39302122c302187840.png
not>, \not>, http://latex.artofproblemsolving.com/4/1/4/41484799e848722804569891f3c9f8f6ba85be72.png
notapprox, \not\approx, http://latex.artofproblemsolving.com/1/4/c/14cef4209cbb6781580b82fcb49c5cabf42110b5.png
notcong, \not\cong, http://latex.artofproblemsolving.com/9/d/b/9dba3e1547b02e8cfb16e73174d313ce3c44991d.png
notequiv, \not\equiv, http://latex.artofproblemsolving.com/7/5/2/7524371d49900f0a110e8c41a6a626449310999d.png
notge, \not\ge, http://latex.artofproblemsolving.com/c/3/6/c36f3836d4cf8e908a3e63d0640dbe5f3f6b3aac.png
notle, \not\le, http://latex.artofproblemsolving.com/8/8/0/8804323a929802098f7d5135effe13df72f99fe3.png
notparallel, \not\parallel, http://latex.artofproblemsolving.com/1/0/b/10babfcf66e652715e5ee499b569c4afaff8e347.png
notsim, \not\sim, http://latex.artofproblemsolving.com/3/2/8/328e7366713d3594c6decd9a16c71d38ff66d24e.png
nparallel, \nparallel, http://latex.artofproblemsolving.com/6/6/4/66459c2921421baabb23ba674f1c38644bfb94ae.png
nsim, \nsim, http://latex.artofproblemsolving.com/9/8/e/98e9b5dcdf4cef4c9a6eba2f89b79dbab6589f40.png
nu, \nu, http://latex.artofproblemsolving.com/d/6/a/d6a7ccf879c4a4fe694033606332cb83806db296.png
nwarrow, \nwarrow, http://latex.artofproblemsolving.com/e/3/9/e399241c1cd2d58d0a397fd94728a5d6f60022d0.png
odot, \odot, http://latex.artofproblemsolving.com/9/c/b/9cb84f78e824963c5609a057214128b8c7776183.png
oint, \oint, http://latex.artofproblemsolving.com/b/1/d/b1d46ca41500b244afd17f827dda9a43a1c606c1.png
omega, \omega, http://latex.artofproblemsolving.com/5/4/d/54d7d48553f4d9e7ab418118607ea324cbfddfda.png
ominus, \ominus, http://latex.artofproblemsolving.com/1/e/b/1eb5abf6a4d5640740fa3b2cd04b4044f2af4447.png
oplus, \oplus, http://latex.artofproblemsolving.com/f/7/c/f7c581af3f7cf7ed3abe62da090534eb4d1bd00f.png
oslash, \oslash, http://latex.artofproblemsolving.com/f/b/b/fbb803c0fc7f72787184624d4f91e71a171baa1f.png
otimes, \otimes, http://latex.artofproblemsolving.com/b/8/8/b88c462e5d9319a7d2181ad94863658fa0a24736.png
overleftarrow, \overleftarrow{}, http://latex.artofproblemsolving.com/8/a/0/8a0abef9be73c81cc0d02d1f1a0d4d99dc684fc5.png
overrightarrow, \overrightarrow{}, http://latex.artofproblemsolving.com/a/8/d/a8dfbb08d2b4dac0825dded0c20a373dd129bd35.png
parallel, \parallel, http://latex.artofproblemsolving.com/7/0/0/700b2122c7a66766d80c3dfe5109de9b58e65a66.png
partial, \partial, http://latex.artofproblemsolving.com/3/4/1/341d567d759ce5d4b0005bca4ce4a0a22c5f0f86.png
perp, \perp, http://latex.artofproblemsolving.com/2/9/5/29501a90018e83d6d3e88b1f83bdfb71e692561e.png
phi, \phi, http://latex.artofproblemsolving.com/2/c/1/2c175f60eecef1de7560c3bdea495d69f26f719d.png
pi, \pi, http://latex.artofproblemsolving.com/f/2/c/f2ca003a7da0de4994b4733e203b74ff52d42553.png
pm, \pm, http://latex.artofproblemsolving.com/9/1/2/91205e81c98c486418902c88d5c396f5355491f1.png
pounds, \pounds, http://latex.artofproblemsolving.com/7/2/f/72f6e08a2df0af40956a32686a1340a14d9fb98e.png
prec, \prec, http://latex.artofproblemsolving.com/c/c/1/cc1075b75dff8acde28b91201acc216d0a343fce.png
preceq, \preceq, http://latex.artofproblemsolving.com/e/a/c/eac91ff45cea31243210756d0af2ecd0867f9dae.png
prime, \prime, http://latex.artofproblemsolving.com/c/6/8/c68e6a060376d1105a2fda31e4c447d4a5d7aa66.png
prod, \prod, http://latex.artofproblemsolving.com/e/8/c/e8cb398f2e1c14f174456af12526d1380de93042.png
propto, \propto, http://latex.artofproblemsolving.com/1/1/3/11303cd923877716bbb6fde144d09687260910fb.png
psi, \psi, http://latex.artofproblemsolving.com/8/a/d/8ada738001410f131563551fb68731e4f302048d.png
rangle, \rangle, http://latex.artofproblemsolving.com/1/b/0/1b09efd1e7dbea02f1e6c0d786d6a3a8b2290e03.png
rceil, \rceil, http://latex.artofproblemsolving.com/2/6/7/26757e7d8125a2df54a341bbe9d10fa5348ce72c.png
rfloor, \rfloor, http://latex.artofproblemsolving.com/6/2/5/625f626a06c6ff567dfc57da93337aeccacae0a7.png
rhd, \rhd, http://latex.artofproblemsolving.com/3/7/2/372fab12125c6ece78ebae1fa64389c7bd788166.png
rho, \rho, http://latex.artofproblemsolving.com/0/0/2/0027034d8a10372a06deaf4f4084c01956587479.png
rightarrow, \rightarrow, http://latex.artofproblemsolving.com/e/1/2/e12b6767375342ed57d27678e3ea1cdb97f47e15.png
rightharpoondown, \rightharpoondown, http://latex.artofproblemsolving.com/3/7/0/370fb1af83e5d67016f89663081f0f09eb7d296f.png
rightharpoonup, \rightharpoonup, http://latex.artofproblemsolving.com/b/6/0/b602fa4b55dcf9f3437a9e8fd72152ac371b5bba.png
rightleftharpoons, \rightleftharpoons, http://latex.artofproblemsolving.com/f/9/5/f95723e1bf335f9d1cfc3aeba7f8c6dd45a8b6c4.png
searrow, \searrow, http://latex.artofproblemsolving.com/9/6/1/9619c49478e6be29b664a3b3edb8cf9b6fb9ec70.png
setminus, \setminus, http://latex.artofproblemsolving.com/8/a/a/8aa91c965a8fe7e59c49e1e97bc7d5828dc4d120.png
sharp, \sharp, http://latex.artofproblemsolving.com/9/f/0/9f0f728ec995ff8379cf1a72c0ff1416a2c60177.png
sigma, \sigma, http://latex.artofproblemsolving.com/f/a/3/fa35d9fc104207e09a712110ac81612c5b279a6c.png
sim, \sim, http://latex.artofproblemsolving.com/e/5/5/e55156a4008b0944ad00d5bc71bc5aa6315aabb7.png
simeq, \simeq, http://latex.artofproblemsolving.com/5/e/4/5e46ba9c72f86769fb14a32f8eb271bc440e2061.png
smile, \smile, http://latex.artofproblemsolving.com/b/9/d/b9d7bc7cf4a44200f381f9b8f7f09b27ba728018.png
smiley, \smiley, http://latex.artofproblemsolving.com/5/4/1/541e9aef85db57b7dbef677e59a04d09b2e8b58a.png
spadesuit, \spadesuit, http://latex.artofproblemsolving.com/f/1/0/f10b174b6672f53772ffe28260f4390a3cd405fa.png
sqcap, \sqcap, http://latex.artofproblemsolving.com/f/1/7/f17c91e4f44cf3cef16793582abe63eea7b8d0b1.png
sqcup, \sqcup, http://latex.artofproblemsolving.com/1/4/e/14e23edff0ebfb9a1d7976b6d3553ce54c7c413a.png
sqrt, \sqrt{}, http://latex.artofproblemsolving.com/4/8/0/4805dddb4e6911989af8be91da334b5ba2054757.png
sqsubset, \sqsubset, http://latex.artofproblemsolving.com/1/2/4/124b77b4b0cc873e5c027a76ab58cd5c7fed0ca1.png
sqsubseteq, \sqsubseteq, http://latex.artofproblemsolving.com/d/6/e/d6ee2b442ac5f3d7940a33c1eba386e93fc3381f.png
sqsupset, \sqsupset, http://latex.artofproblemsolving.com/2/3/1/231bddf0e59b26209b1b6815d9a41f91d04ea701.png
sqsupseteq, \sqsupseteq, http://latex.artofproblemsolving.com/6/9/3/693c0332817f1be148c7b691a1d419e0cdc971ed.png
square, \square, http://latex.artofproblemsolving.com/b/6/c/b6cf65b1f2fbdf388e3daeff9b96b34d3399d777.png
star, \star, http://latex.artofproblemsolving.com/d/1/7/d17950ad2ab63c764778b133f95a03dcf2969d57.png
subset, \subset, http://latex.artofproblemsolving.com/e/6/f/e6ffbe0cb0b8d47bd10eec85fb336adf7694f896.png
subseteq, \subseteq, http://latex.artofproblemsolving.com/7/a/f/7af4f46fd0cf5cdbed23e67e7896f64cb380ee52.png
succ, \succ, http://latex.artofproblemsolving.com/f/0/d/f0da9cf8e29547352b0d8a30fedb96f71f5def8b.png
succeq, \succeq, http://latex.artofproblemsolving.com/d/b/0/db0f05af17a329d387f5234730350c6227d4ca0d.png
sum, \sum, http://latex.artofproblemsolving.com/4/e/a/4eab2b4c3730f6ca28b181105160f87f84c49a08.png
supset, \supset, http://latex.artofproblemsolving.com/f/5/4/f5451590e41b731933710d9f34b93b6dd2994139.png
supseteq, \supseteq, http://latex.artofproblemsolving.com/a/5/5/a5544786abebf78b0ef72b5241cdb1196effabd2.png
surd, \surd, http://latex.artofproblemsolving.com/b/1/0/b10061a42e5fbda320e5ccef97d80f42166b05dc.png
swarrow, \swarrow, http://latex.artofproblemsolving.com/a/d/4/ad4d3d05f5a30dc16128c8477a1dc2ff4b259320.png
tau, \tau, http://latex.artofproblemsolving.com/1/d/c/1dc1c0119a604b91be9142370dc3159b6a9bbcb9.png
textdollar, \textdollar, http://latex.artofproblemsolving.com/3/4/7/347d5d8ccef965291225560dfe843b447c59955e.png
theta, \theta, http://latex.artofproblemsolving.com/5/2/e/52e8ed7a3ba22130ad3984eb2cd413406475a689.png
tilde, \tilde{}, http://latex.artofproblemsolving.com/c/2/7/c27ef249f820f799c441683c186b5b97b7f93833.png
times, \times, http://latex.artofproblemsolving.com/b/a/c/bac4dbe1c696d11e8dc43dd7f613199b2120daa1.png
to, \to, http://latex.artofproblemsolving.com/b/8/e/b8ea4e52bb41fa9c0a1f8a387ea39b5b9c993b74.png
top, \top, http://latex.artofproblemsolving.com/9/8/9/98908d2f5a52e4be6e2e88e80b92993f42b36973.png
triangle, \triangle, http://latex.artofproblemsolving.com/0/0/9/009cf3eeb0ff3789cc057632947cadb200ab4663.png
triangledown, \triangledown, http://latex.artofproblemsolving.com/8/4/8/848003f6d0389cb141c2bf3b624734556c9f746a.png
triangleleft, \triangleleft, http://latex.artofproblemsolving.com/a/a/b/aab16e702194ef1900cf09684c138f410ef995e8.png
triangleright, \triangleright, http://latex.artofproblemsolving.com/c/1/7/c1731dedb14bb1b4781dc9a30b95f58825a50fa9.png
unlhd, \unlhd, http://latex.artofproblemsolving.com/b/c/4/bc4897ff6faf49b2f2ac26351bca603e931e7ec8.png
unrhd, \unrhd, http://latex.artofproblemsolving.com/b/d/d/bdd81dbaedba0355750058c7c6a2e40a015e28bb.png
uparrow, \uparrow, http://latex.artofproblemsolving.com/d/3/9/d39cad522ccbe5a31209793365754665a4d65556.png
updownarrow, \updownarrow, http://latex.artofproblemsolving.com/c/7/4/c749573a62fd745696f1159c7ba3a9c4ee2b9951.png
uplus, \uplus, http://latex.artofproblemsolving.com/7/9/0/7909c20a66b5e6fa43a1a26710a8ebcfb82527ff.png
upsilon, \upsilon, http://latex.artofproblemsolving.com/f/a/6/fa63107e1a21cb3276476c4b1aeffda667c6d6e8.png
vDash, \vDash, http://latex.artofproblemsolving.com/7/3/8/7387d7454e276c5802d261da5fc7bb08debcd544.png
varepsilon, \varepsilon, http://latex.artofproblemsolving.com/e/2/a/e2a63918a6fa75b62ad87ad17aaf65f782d71546.png
varphi, \varphi, http://latex.artofproblemsolving.com/9/2/1/921aade3100afbc11d0d13f71cdd7e68d83ad52e.png
varpi, \varpi, http://latex.artofproblemsolving.com/0/8/b/08b37549addb92da83c1b842518c22328f331746.png
varrho, \varrho, http://latex.artofproblemsolving.com/e/7/f/e7fe4fc87a1b38d0b6f1f34da3c84a3fd3cb64c6.png
varsigma, \varsigma, http://latex.artofproblemsolving.com/4/f/b/4fb382b5e56d61bc1669509bfc060c8deb1d71ef.png
vartheta, \vartheta, http://latex.artofproblemsolving.com/9/a/3/9a32e414f13071a85f52c90ce88e25332fd2152c.png
vdash, \vdash, http://latex.artofproblemsolving.com/8/1/2/81226dce386555032afda7e4739639feabbc801a.png
vdots, \vdots, http://latex.artofproblemsolving.com/6/9/c/69cdf7ec84ff918cbe7f21acf7543bf1bd243080.png
vec, \vec{}, http://latex.artofproblemsolving.com/f/5/e/f5ec636e755349d4409f910e27d381c6da764230.png
vee, \vee, http://latex.artofproblemsolving.com/1/3/f/13f3b223fb942219e3d77d9dfa86ad0933513882.png
wedge, \wedge, http://latex.artofproblemsolving.com/b/d/8/bd8dcc3cdcaa4d91ba26f8bfb9c339862f7c0047.png
widehat, \widehat{}, http://latex.artofproblemsolving.com/9/8/d/98d3efe9796bdcc8941bca2cc4c449c8c2d618bb.png
widetilde, \widetilde{}, http://latex.artofproblemsolving.com/9/4/f/94f5277c239c2ada6fdfef0fa4a32392cb8c207b.png
wp, \wp, http://latex.artofproblemsolving.com/b/c/f/bcf1dd80910fd624e03574ad36bd73d8f79f65ad.png
wr, \wr, http://latex.artofproblemsolving.com/3/4/1/341afd98eab5dbcdd2128223e84e2d9f1bb63365.png
xi, \xi, http://latex.artofproblemsolving.com/c/c/f/ccfd1641d037d427d9dbf42cdd54b485a03eafe9.png
zeta, \zeta, http://latex.artofproblemsolving.com/f/d/a/fda38f45a64bbd4451aedeeb4584e01d91239172.png
{, \{, http://latex.artofproblemsolving.com/4/a/1/4a1a0fbdb39b7129d2fc98698c68ff5533405755.png
{AA}, {\AA}, http://latex.artofproblemsolving.com/d/8/8/d8804db9d6d9d9c54c9dcbbee11d300073f7e471.png
{AE}, {\AE}, http://latex.artofproblemsolving.com/a/8/4/a84a715a1e45bd844d83b49e076ee5e306a7413a.png
{L}, {\L}, http://latex.artofproblemsolving.com/3/d/9/3d929efdcf5e4cc9ed64c2e7980dccf4d50d5c24.png
{OE}, {\OE}, http://latex.artofproblemsolving.com/2/d/9/2d90a26f53f0bffc49df20cca0623b183c9b013f.png
{O}, {\O}, http://latex.artofproblemsolving.com/8/a/e/8ae6812cb1b902cc0d24a079c97fdbc6dfa1ad0c.png
{SS}, {\SS}, http://latex.artofproblemsolving.com/3/3/3/3337194236d3707955d2524f98d806a931b881e9.png
{ae}, {\ae}, http://latex.artofproblemsolving.com/4/5/0/4509653d8d7b806fe06a94dbde93e872f40892ba.png
{l}, {\l}, http://latex.artofproblemsolving.com/8/e/a/8ea86382077c0260f1743eb0b3555370aaa89be0.png
{oe}, {\oe}, http://latex.artofproblemsolving.com/3/8/e/38e06a1df4e81b48091aa311d9c0f5cba9432256.png
{o}, {\o}, http://latex.artofproblemsolving.com/0/6/9/0693f302e79847db7dc8cbe2baf0ab2c7dea2ee3.png
{ss}, {\ss}, http://latex.artofproblemsolving.com/b/a/4/ba40dd86e8e6766c5417744046f0aed2feeb4c6b.png
}, \}, http://latex.artofproblemsolving.com/6/5/e/65e2585c1b1cd632b41a41481fd2ad44456aeec4.png
